{"cameraMode":{"drawMode":0,"name":"Shaded","section":"Shading Mode"},"sceneLighting":true,"audioPlay":false,"sceneViewState":{"showFog":true,"showMaterialUpdate":false,"showSkybox":true,"showFlares":true,"showImageEffects":true,"showParticleSystems":true},"in2DMode":false,"pivot":{"x":-0.9249411821365356,"y":0.15942040085792542,"z":0.10598404705524445},"rotation":{"x":0.10524234175682068,"y":-0.055162880569696429,"z":0.005858382675796747,"w":0.992898166179657},"size":13.776433944702149,"orthographic":true}